"","Time","Output","Amount","Investment","HCR"
"4",4,"Lost.or.Gained.Yield.Rel.K.2.1.1",-21.3024888738555,"Low Investment","20%B0 if over MSY"
"5",5,"Lost.or.Gained.Yield.Rel.K.2.1.1",-25.2171330522391,"Low Investment","20%B0 if over MSY"
"6",6,"Lost.or.Gained.Yield.Rel.K.2.1.1",-25.3402707182524,"Low Investment","20%B0 if over MSY"
"7",7,"Lost.or.Gained.Yield.Rel.K.2.1.1",-25.0188857504094,"Low Investment","20%B0 if over MSY"
"8",8,"Lost.or.Gained.Yield.Rel.K.2.1.1",-26.6118847471232,"Low Investment","20%B0 if over MSY"
"9",9,"Lost.or.Gained.Yield.Rel.K.2.1.1",-23.3762105485592,"Low Investment","20%B0 if over MSY"
"10",10,"Lost.or.Gained.Yield.Rel.K.2.1.1",-23.2597314178774,"Low Investment","20%B0 if over MSY"
"11",11,"Lost.or.Gained.Yield.Rel.K.2.1.1",-28.9218609691884,"Low Investment","20%B0 if over MSY"
"12",12,"Lost.or.Gained.Yield.Rel.K.2.1.1",-18.9775362874781,"Low Investment","20%B0 if over MSY"
"13",13,"Lost.or.Gained.Yield.Rel.K.2.1.1",-26.0522320918389,"Low Investment","20%B0 if over MSY"
"14",14,"Lost.or.Gained.Yield.Rel.K.2.1.1",-23.8233091803052,"Low Investment","20%B0 if over MSY"
"15",15,"Lost.or.Gained.Yield.Rel.K.2.1.1",-31.5984204360124,"Low Investment","20%B0 if over MSY"
"16",16,"Lost.or.Gained.Yield.Rel.K.2.1.1",-24.041284824538,"Low Investment","20%B0 if over MSY"
"17",17,"Lost.or.Gained.Yield.Rel.K.2.1.1",-23.7582576227112,"Low Investment","20%B0 if over MSY"
"18",18,"Lost.or.Gained.Yield.Rel.K.2.1.1",-23.0793889170602,"Low Investment","20%B0 if over MSY"
"19",19,"Lost.or.Gained.Yield.Rel.K.2.1.1",-25.1921810485277,"Low Investment","20%B0 if over MSY"
"20",20,"Lost.or.Gained.Yield.Rel.K.2.1.1",-24.1824289166937,"Low Investment","20%B0 if over MSY"
"21",21,"Lost.or.Gained.Yield.Rel.K.2.1.1",-26.3615443361021,"Low Investment","20%B0 if over MSY"
"22",22,"Lost.or.Gained.Yield.Rel.K.2.1.1",-22.3083620787722,"Low Investment","20%B0 if over MSY"
"23",23,"Lost.or.Gained.Yield.Rel.K.2.1.1",-30.3237656678274,"Low Investment","20%B0 if over MSY"
"24",24,"Lost.or.Gained.Yield.Rel.K.2.1.1",-22.4293791238233,"Low Investment","20%B0 if over MSY"
"25",25,"Lost.or.Gained.Yield.Rel.K.2.1.1",-24.1170213042242,"Low Investment","20%B0 if over MSY"
"26",26,"Lost.or.Gained.Yield.Rel.K.2.1.1",-26.0583631828421,"Low Investment","20%B0 if over MSY"
"27",27,"Lost.or.Gained.Yield.Rel.K.2.1.1",-26.4004034100342,"Low Investment","20%B0 if over MSY"
"28",28,"Lost.or.Gained.Yield.Rel.K.2.1.1",-24.7190443549775,"Low Investment","20%B0 if over MSY"
"29",29,"Lost.or.Gained.Yield.Rel.K.2.1.1",-25.3546789740475,"Low Investment","20%B0 if over MSY"
"30",30,"Lost.or.Gained.Yield.Rel.K.2.1.1",-25.0828032927946,"Low Investment","20%B0 if over MSY"
"31",31,"Lost.or.Gained.Yield.Rel.K.2.1.1",-24.3806356009978,"Low Investment","20%B0 if over MSY"
"32",32,"Lost.or.Gained.Yield.Rel.K.2.1.1",-24.9084544714817,"Low Investment","20%B0 if over MSY"
"33",33,"Lost.or.Gained.Yield.Rel.K.2.1.1",-27.99280130785,"Low Investment","20%B0 if over MSY"
"34",34,"Lost.or.Gained.Yield.Rel.K.2.1.1",-22.8075240427907,"Low Investment","20%B0 if over MSY"
"35",35,"Lost.or.Gained.Yield.Rel.K.2.1.1",-27.2903873756721,"Low Investment","20%B0 if over MSY"
"36",36,"Lost.or.Gained.Yield.Rel.K.2.1.1",-24.2910779062666,"Low Investment","20%B0 if over MSY"
"37",37,"Lost.or.Gained.Yield.Rel.K.2.1.1",-22.2613557549979,"Low Investment","20%B0 if over MSY"
"38",38,"Lost.or.Gained.Yield.Rel.K.2.1.1",-24.0428833171567,"Low Investment","20%B0 if over MSY"
"39",39,"Lost.or.Gained.Yield.Rel.K.2.1.1",-21.5790960355599,"Low Investment","20%B0 if over MSY"
"40",40,"Lost.or.Gained.Yield.Rel.K.2.1.1",-28.0062673123714,"Low Investment","20%B0 if over MSY"
"41",41,"Lost.or.Gained.Yield.Rel.K.2.1.1",-24.0769563754275,"Low Investment","20%B0 if over MSY"
"42",42,"Lost.or.Gained.Yield.Rel.K.2.1.1",-21.3754032820727,"Low Investment","20%B0 if over MSY"
"43",43,"Lost.or.Gained.Yield.Rel.K.2.1.1",-28.2084146387526,"Low Investment","20%B0 if over MSY"
"44",44,"Lost.or.Gained.Yield.Rel.K.2.1.1",-23.1383134143047,"Low Investment","20%B0 if over MSY"
"45",45,"Lost.or.Gained.Yield.Rel.K.2.1.1",-29.7573805012451,"Low Investment","20%B0 if over MSY"
"46",46,"Lost.or.Gained.Yield.Rel.K.2.1.1",-24.6339716396911,"Low Investment","20%B0 if over MSY"
"47",47,"Lost.or.Gained.Yield.Rel.K.2.1.1",-24.0127107329427,"Low Investment","20%B0 if over MSY"
"48",48,"Lost.or.Gained.Yield.Rel.K.2.1.1",-21.9423905317388,"Low Investment","20%B0 if over MSY"
"49",49,"Lost.or.Gained.Yield.Rel.K.2.1.1",-24.0911882612968,"Low Investment","20%B0 if over MSY"
"50",50,"Lost.or.Gained.Yield.Rel.K.2.1.1",-26.4602417029131,"Low Investment","20%B0 if over MSY"
"51",51,"Lost.or.Gained.Yield.Rel.K.2.1.1",-24.6041352729983,"Low Investment","20%B0 if over MSY"
"55",4,"Lost.or.Gained.Yield.Rel.K.2.2.1",-21.9638450976963,"Med Investment","20%B0 if over MSY"
"56",5,"Lost.or.Gained.Yield.Rel.K.2.2.1",-24.0036491464697,"Med Investment","20%B0 if over MSY"
"57",6,"Lost.or.Gained.Yield.Rel.K.2.2.1",-25.3611556593632,"Med Investment","20%B0 if over MSY"
"58",7,"Lost.or.Gained.Yield.Rel.K.2.2.1",-26.4457500371434,"Med Investment","20%B0 if over MSY"
"59",8,"Lost.or.Gained.Yield.Rel.K.2.2.1",-22.0775494402902,"Med Investment","20%B0 if over MSY"
"60",9,"Lost.or.Gained.Yield.Rel.K.2.2.1",-25.6586915187236,"Med Investment","20%B0 if over MSY"
"61",10,"Lost.or.Gained.Yield.Rel.K.2.2.1",-25.3108771854495,"Med Investment","20%B0 if over MSY"
"62",11,"Lost.or.Gained.Yield.Rel.K.2.2.1",-25.4635288988226,"Med Investment","20%B0 if over MSY"
"63",12,"Lost.or.Gained.Yield.Rel.K.2.2.1",-25.6975464688173,"Med Investment","20%B0 if over MSY"
"64",13,"Lost.or.Gained.Yield.Rel.K.2.2.1",-24.7552294457918,"Med Investment","20%B0 if over MSY"
"65",14,"Lost.or.Gained.Yield.Rel.K.2.2.1",-22.9853520585252,"Med Investment","20%B0 if over MSY"
"66",15,"Lost.or.Gained.Yield.Rel.K.2.2.1",-24.7088145687702,"Med Investment","20%B0 if over MSY"
"67",16,"Lost.or.Gained.Yield.Rel.K.2.2.1",-24.2718084442517,"Med Investment","20%B0 if over MSY"
"68",17,"Lost.or.Gained.Yield.Rel.K.2.2.1",-25.7256316600561,"Med Investment","20%B0 if over MSY"
"69",18,"Lost.or.Gained.Yield.Rel.K.2.2.1",-25.2166685641783,"Med Investment","20%B0 if over MSY"
"70",19,"Lost.or.Gained.Yield.Rel.K.2.2.1",-27.268698884769,"Med Investment","20%B0 if over MSY"
"71",20,"Lost.or.Gained.Yield.Rel.K.2.2.1",-24.434304738522,"Med Investment","20%B0 if over MSY"
"72",21,"Lost.or.Gained.Yield.Rel.K.2.2.1",-23.3192430105017,"Med Investment","20%B0 if over MSY"
"73",22,"Lost.or.Gained.Yield.Rel.K.2.2.1",-24.9507721489139,"Med Investment","20%B0 if over MSY"
"74",23,"Lost.or.Gained.Yield.Rel.K.2.2.1",-25.7804764475461,"Med Investment","20%B0 if over MSY"
"75",24,"Lost.or.Gained.Yield.Rel.K.2.2.1",-24.5997815730726,"Med Investment","20%B0 if over MSY"
"76",25,"Lost.or.Gained.Yield.Rel.K.2.2.1",-27.0550542948829,"Med Investment","20%B0 if over MSY"
"77",26,"Lost.or.Gained.Yield.Rel.K.2.2.1",-25.0804550915908,"Med Investment","20%B0 if over MSY"
"78",27,"Lost.or.Gained.Yield.Rel.K.2.2.1",-22.990942365321,"Med Investment","20%B0 if over MSY"
"79",28,"Lost.or.Gained.Yield.Rel.K.2.2.1",-25.3585215818215,"Med Investment","20%B0 if over MSY"
"80",29,"Lost.or.Gained.Yield.Rel.K.2.2.1",-25.0793931909232,"Med Investment","20%B0 if over MSY"
"81",30,"Lost.or.Gained.Yield.Rel.K.2.2.1",-25.6669451559477,"Med Investment","20%B0 if over MSY"
"82",31,"Lost.or.Gained.Yield.Rel.K.2.2.1",-24.6215667426311,"Med Investment","20%B0 if over MSY"
"83",32,"Lost.or.Gained.Yield.Rel.K.2.2.1",-25.1338685388984,"Med Investment","20%B0 if over MSY"
"84",33,"Lost.or.Gained.Yield.Rel.K.2.2.1",-24.9888603021741,"Med Investment","20%B0 if over MSY"
"85",34,"Lost.or.Gained.Yield.Rel.K.2.2.1",-25.2776714495471,"Med Investment","20%B0 if over MSY"
"86",35,"Lost.or.Gained.Yield.Rel.K.2.2.1",-23.6988002401421,"Med Investment","20%B0 if over MSY"
"87",36,"Lost.or.Gained.Yield.Rel.K.2.2.1",-23.8143344354239,"Med Investment","20%B0 if over MSY"
"88",37,"Lost.or.Gained.Yield.Rel.K.2.2.1",-24.6782376080095,"Med Investment","20%B0 if over MSY"
"89",38,"Lost.or.Gained.Yield.Rel.K.2.2.1",-26.2007534244333,"Med Investment","20%B0 if over MSY"
"90",39,"Lost.or.Gained.Yield.Rel.K.2.2.1",-24.9404252751039,"Med Investment","20%B0 if over MSY"
"91",40,"Lost.or.Gained.Yield.Rel.K.2.2.1",-27.7371977470974,"Med Investment","20%B0 if over MSY"
"92",41,"Lost.or.Gained.Yield.Rel.K.2.2.1",-24.8050048559347,"Med Investment","20%B0 if over MSY"
"93",42,"Lost.or.Gained.Yield.Rel.K.2.2.1",-25.8058881377996,"Med Investment","20%B0 if over MSY"
"94",43,"Lost.or.Gained.Yield.Rel.K.2.2.1",-24.9113325933929,"Med Investment","20%B0 if over MSY"
"95",44,"Lost.or.Gained.Yield.Rel.K.2.2.1",-24.8765185178908,"Med Investment","20%B0 if over MSY"
"96",45,"Lost.or.Gained.Yield.Rel.K.2.2.1",-25.3263263455793,"Med Investment","20%B0 if over MSY"
"97",46,"Lost.or.Gained.Yield.Rel.K.2.2.1",-23.9342552719178,"Med Investment","20%B0 if over MSY"
"98",47,"Lost.or.Gained.Yield.Rel.K.2.2.1",-25.2064140648741,"Med Investment","20%B0 if over MSY"
"99",48,"Lost.or.Gained.Yield.Rel.K.2.2.1",-23.8793445318791,"Med Investment","20%B0 if over MSY"
"100",49,"Lost.or.Gained.Yield.Rel.K.2.2.1",-25.1292475211529,"Med Investment","20%B0 if over MSY"
"101",50,"Lost.or.Gained.Yield.Rel.K.2.2.1",-25.7089495113787,"Med Investment","20%B0 if over MSY"
"102",51,"Lost.or.Gained.Yield.Rel.K.2.2.1",-23.8853205820205,"Med Investment","20%B0 if over MSY"
"106",4,"Lost.or.Gained.Yield.Rel.K.2.3.1",-22.8180787402796,"High Investment","20%B0 if over MSY"
"107",5,"Lost.or.Gained.Yield.Rel.K.2.3.1",-24.1903698036921,"High Investment","20%B0 if over MSY"
"108",6,"Lost.or.Gained.Yield.Rel.K.2.3.1",-25.4172340769902,"High Investment","20%B0 if over MSY"
"109",7,"Lost.or.Gained.Yield.Rel.K.2.3.1",-24.2505809965581,"High Investment","20%B0 if over MSY"
"110",8,"Lost.or.Gained.Yield.Rel.K.2.3.1",-25.8921489799899,"High Investment","20%B0 if over MSY"
"111",9,"Lost.or.Gained.Yield.Rel.K.2.3.1",-25.2101380818183,"High Investment","20%B0 if over MSY"
"112",10,"Lost.or.Gained.Yield.Rel.K.2.3.1",-24.5593574278703,"High Investment","20%B0 if over MSY"
"113",11,"Lost.or.Gained.Yield.Rel.K.2.3.1",-24.8744385186801,"High Investment","20%B0 if over MSY"
"114",12,"Lost.or.Gained.Yield.Rel.K.2.3.1",-25.9376721141794,"High Investment","20%B0 if over MSY"
"115",13,"Lost.or.Gained.Yield.Rel.K.2.3.1",-25.2525936980189,"High Investment","20%B0 if over MSY"
"116",14,"Lost.or.Gained.Yield.Rel.K.2.3.1",-25.0433521111165,"High Investment","20%B0 if over MSY"
"117",15,"Lost.or.Gained.Yield.Rel.K.2.3.1",-25.3521444363996,"High Investment","20%B0 if over MSY"
"118",16,"Lost.or.Gained.Yield.Rel.K.2.3.1",-24.9688832291067,"High Investment","20%B0 if over MSY"
"119",17,"Lost.or.Gained.Yield.Rel.K.2.3.1",-25.6815287858698,"High Investment","20%B0 if over MSY"
"120",18,"Lost.or.Gained.Yield.Rel.K.2.3.1",-23.8937872361092,"High Investment","20%B0 if over MSY"
"121",19,"Lost.or.Gained.Yield.Rel.K.2.3.1",-24.6768786501903,"High Investment","20%B0 if over MSY"
"122",20,"Lost.or.Gained.Yield.Rel.K.2.3.1",-25.4827577357732,"High Investment","20%B0 if over MSY"
"123",21,"Lost.or.Gained.Yield.Rel.K.2.3.1",-24.6401794115237,"High Investment","20%B0 if over MSY"
"124",22,"Lost.or.Gained.Yield.Rel.K.2.3.1",-23.9825977438903,"High Investment","20%B0 if over MSY"
"125",23,"Lost.or.Gained.Yield.Rel.K.2.3.1",-24.539398820183,"High Investment","20%B0 if over MSY"
"126",24,"Lost.or.Gained.Yield.Rel.K.2.3.1",-25.4219728082584,"High Investment","20%B0 if over MSY"
"127",25,"Lost.or.Gained.Yield.Rel.K.2.3.1",-25.2724756347959,"High Investment","20%B0 if over MSY"
"128",26,"Lost.or.Gained.Yield.Rel.K.2.3.1",-25.7260159319772,"High Investment","20%B0 if over MSY"
"129",27,"Lost.or.Gained.Yield.Rel.K.2.3.1",-25.1760767190918,"High Investment","20%B0 if over MSY"
"130",28,"Lost.or.Gained.Yield.Rel.K.2.3.1",-24.7373257449674,"High Investment","20%B0 if over MSY"
"131",29,"Lost.or.Gained.Yield.Rel.K.2.3.1",-25.0666276750001,"High Investment","20%B0 if over MSY"
"132",30,"Lost.or.Gained.Yield.Rel.K.2.3.1",-25.132315081421,"High Investment","20%B0 if over MSY"
"133",31,"Lost.or.Gained.Yield.Rel.K.2.3.1",-24.4479585881332,"High Investment","20%B0 if over MSY"
"134",32,"Lost.or.Gained.Yield.Rel.K.2.3.1",-24.9382950941481,"High Investment","20%B0 if over MSY"
"135",33,"Lost.or.Gained.Yield.Rel.K.2.3.1",-25.2784698507544,"High Investment","20%B0 if over MSY"
"136",34,"Lost.or.Gained.Yield.Rel.K.2.3.1",-25.2436024754115,"High Investment","20%B0 if over MSY"
"137",35,"Lost.or.Gained.Yield.Rel.K.2.3.1",-23.6270816916418,"High Investment","20%B0 if over MSY"
"138",36,"Lost.or.Gained.Yield.Rel.K.2.3.1",-26.3508352104216,"High Investment","20%B0 if over MSY"
"139",37,"Lost.or.Gained.Yield.Rel.K.2.3.1",-24.6064425612769,"High Investment","20%B0 if over MSY"
"140",38,"Lost.or.Gained.Yield.Rel.K.2.3.1",-24.6431161990552,"High Investment","20%B0 if over MSY"
"141",39,"Lost.or.Gained.Yield.Rel.K.2.3.1",-24.5063176495072,"High Investment","20%B0 if over MSY"
"142",40,"Lost.or.Gained.Yield.Rel.K.2.3.1",-24.8359383356456,"High Investment","20%B0 if over MSY"
"143",41,"Lost.or.Gained.Yield.Rel.K.2.3.1",-25.233364680774,"High Investment","20%B0 if over MSY"
"144",42,"Lost.or.Gained.Yield.Rel.K.2.3.1",-25.9003858487664,"High Investment","20%B0 if over MSY"
"145",43,"Lost.or.Gained.Yield.Rel.K.2.3.1",-23.2185294955654,"High Investment","20%B0 if over MSY"
"146",44,"Lost.or.Gained.Yield.Rel.K.2.3.1",-26.2853525114963,"High Investment","20%B0 if over MSY"
"147",45,"Lost.or.Gained.Yield.Rel.K.2.3.1",-24.7236397537318,"High Investment","20%B0 if over MSY"
"148",46,"Lost.or.Gained.Yield.Rel.K.2.3.1",-24.7928400677573,"High Investment","20%B0 if over MSY"
"149",47,"Lost.or.Gained.Yield.Rel.K.2.3.1",-25.3478202564448,"High Investment","20%B0 if over MSY"
"150",48,"Lost.or.Gained.Yield.Rel.K.2.3.1",-25.0850344224213,"High Investment","20%B0 if over MSY"
"151",49,"Lost.or.Gained.Yield.Rel.K.2.3.1",-24.116909848767,"High Investment","20%B0 if over MSY"
"152",50,"Lost.or.Gained.Yield.Rel.K.2.3.1",-25.2622548015498,"High Investment","20%B0 if over MSY"
"153",51,"Lost.or.Gained.Yield.Rel.K.2.3.1",-26.4589353983763,"High Investment","20%B0 if over MSY"
"410",4,"Lost.or.Gained.Yield.Rel.K.2.1.1",-18.499554223744,"Low Investment","MEY"
"52",5,"Lost.or.Gained.Yield.Rel.K.2.1.1",-27.7288550032696,"Low Investment","MEY"
"610",6,"Lost.or.Gained.Yield.Rel.K.2.1.1",-24.4745573939593,"Low Investment","MEY"
"710",7,"Lost.or.Gained.Yield.Rel.K.2.1.1",-25.9610531275042,"Low Investment","MEY"
"810",8,"Lost.or.Gained.Yield.Rel.K.2.1.1",-23.2295443459495,"Low Investment","MEY"
"910",9,"Lost.or.Gained.Yield.Rel.K.2.1.1",-24.7445864309698,"Low Investment","MEY"
"103",10,"Lost.or.Gained.Yield.Rel.K.2.1.1",-26.192280394722,"Low Investment","MEY"
"1110",11,"Lost.or.Gained.Yield.Rel.K.2.1.1",-21.8838920010019,"Low Investment","MEY"
"1210",12,"Lost.or.Gained.Yield.Rel.K.2.1.1",-24.9533372126821,"Low Investment","MEY"
"1310",13,"Lost.or.Gained.Yield.Rel.K.2.1.1",-23.7279560315722,"Low Investment","MEY"
"1410",14,"Lost.or.Gained.Yield.Rel.K.2.1.1",-25.8748237392287,"Low Investment","MEY"
"154",15,"Lost.or.Gained.Yield.Rel.K.2.1.1",-27.0572804479465,"Low Investment","MEY"
"161",16,"Lost.or.Gained.Yield.Rel.K.2.1.1",-24.3964108726984,"Low Investment","MEY"
"171",17,"Lost.or.Gained.Yield.Rel.K.2.1.1",-26.3311566922033,"Low Investment","MEY"
"181",18,"Lost.or.Gained.Yield.Rel.K.2.1.1",-24.2957748947895,"Low Investment","MEY"
"191",19,"Lost.or.Gained.Yield.Rel.K.2.1.1",-25.4724822897313,"Low Investment","MEY"
"201",20,"Lost.or.Gained.Yield.Rel.K.2.1.1",-23.7586534183553,"Low Investment","MEY"
"211",21,"Lost.or.Gained.Yield.Rel.K.2.1.1",-24.4543000815991,"Low Investment","MEY"
"221",22,"Lost.or.Gained.Yield.Rel.K.2.1.1",-25.2232136835155,"Low Investment","MEY"
"231",23,"Lost.or.Gained.Yield.Rel.K.2.1.1",-25.4629731828844,"Low Investment","MEY"
"241",24,"Lost.or.Gained.Yield.Rel.K.2.1.1",-25.5825374379144,"Low Investment","MEY"
"251",25,"Lost.or.Gained.Yield.Rel.K.2.1.1",-26.3418279956077,"Low Investment","MEY"
"261",26,"Lost.or.Gained.Yield.Rel.K.2.1.1",-22.9986600891013,"Low Investment","MEY"
"271",27,"Lost.or.Gained.Yield.Rel.K.2.1.1",-21.8024954543887,"Low Investment","MEY"
"281",28,"Lost.or.Gained.Yield.Rel.K.2.1.1",-26.7008614067074,"Low Investment","MEY"
"291",29,"Lost.or.Gained.Yield.Rel.K.2.1.1",-21.227963935246,"Low Investment","MEY"
"301",30,"Lost.or.Gained.Yield.Rel.K.2.1.1",-29.4952825503854,"Low Investment","MEY"
"311",31,"Lost.or.Gained.Yield.Rel.K.2.1.1",-26.2008563511158,"Low Investment","MEY"
"321",32,"Lost.or.Gained.Yield.Rel.K.2.1.1",-21.5614391129539,"Low Investment","MEY"
"331",33,"Lost.or.Gained.Yield.Rel.K.2.1.1",-24.4320000614474,"Low Investment","MEY"
"341",34,"Lost.or.Gained.Yield.Rel.K.2.1.1",-27.8205883441642,"Low Investment","MEY"
"351",35,"Lost.or.Gained.Yield.Rel.K.2.1.1",-24.4019046685293,"Low Investment","MEY"
"361",36,"Lost.or.Gained.Yield.Rel.K.2.1.1",-24.0212500982533,"Low Investment","MEY"
"371",37,"Lost.or.Gained.Yield.Rel.K.2.1.1",-20.7665129187601,"Low Investment","MEY"
"381",38,"Lost.or.Gained.Yield.Rel.K.2.1.1",-30.2558129863122,"Low Investment","MEY"
"391",39,"Lost.or.Gained.Yield.Rel.K.2.1.1",-23.0128082241984,"Low Investment","MEY"
"401",40,"Lost.or.Gained.Yield.Rel.K.2.1.1",-25.7543817313284,"Low Investment","MEY"
"411",41,"Lost.or.Gained.Yield.Rel.K.2.1.1",-24.7304986813524,"Low Investment","MEY"
"421",42,"Lost.or.Gained.Yield.Rel.K.2.1.1",-25.3145383808147,"Low Investment","MEY"
"431",43,"Lost.or.Gained.Yield.Rel.K.2.1.1",-25.4954653361384,"Low Investment","MEY"
"441",44,"Lost.or.Gained.Yield.Rel.K.2.1.1",-29.2413702434785,"Low Investment","MEY"
"451",45,"Lost.or.Gained.Yield.Rel.K.2.1.1",-24.7544491996613,"Low Investment","MEY"
"461",46,"Lost.or.Gained.Yield.Rel.K.2.1.1",-26.8807969351986,"Low Investment","MEY"
"471",47,"Lost.or.Gained.Yield.Rel.K.2.1.1",-20.0387684227335,"Low Investment","MEY"
"481",48,"Lost.or.Gained.Yield.Rel.K.2.1.1",-26.6006281595149,"Low Investment","MEY"
"491",49,"Lost.or.Gained.Yield.Rel.K.2.1.1",-22.1286993333388,"Low Investment","MEY"
"501",50,"Lost.or.Gained.Yield.Rel.K.2.1.1",-27.0733449532046,"Low Investment","MEY"
"511",51,"Lost.or.Gained.Yield.Rel.K.2.1.1",-25.6294380019165,"Low Investment","MEY"
"551",4,"Lost.or.Gained.Yield.Rel.K.2.2.1",-24.1464654980534,"Med Investment","MEY"
"561",5,"Lost.or.Gained.Yield.Rel.K.2.2.1",-23.327677842225,"Med Investment","MEY"
"571",6,"Lost.or.Gained.Yield.Rel.K.2.2.1",-22.2643087694645,"Med Investment","MEY"
"581",7,"Lost.or.Gained.Yield.Rel.K.2.2.1",-25.6769422293403,"Med Investment","MEY"
"591",8,"Lost.or.Gained.Yield.Rel.K.2.2.1",-26.8968750326917,"Med Investment","MEY"
"601",9,"Lost.or.Gained.Yield.Rel.K.2.2.1",-25.8523688692913,"Med Investment","MEY"
"611",10,"Lost.or.Gained.Yield.Rel.K.2.2.1",-24.8290950570311,"Med Investment","MEY"
"621",11,"Lost.or.Gained.Yield.Rel.K.2.2.1",-23.1355346048913,"Med Investment","MEY"
"631",12,"Lost.or.Gained.Yield.Rel.K.2.2.1",-24.4816697571251,"Med Investment","MEY"
"641",13,"Lost.or.Gained.Yield.Rel.K.2.2.1",-25.2248581044341,"Med Investment","MEY"
"651",14,"Lost.or.Gained.Yield.Rel.K.2.2.1",-24.3862008326112,"Med Investment","MEY"
"661",15,"Lost.or.Gained.Yield.Rel.K.2.2.1",-24.9692528343179,"Med Investment","MEY"
"671",16,"Lost.or.Gained.Yield.Rel.K.2.2.1",-25.0728788777411,"Med Investment","MEY"
"681",17,"Lost.or.Gained.Yield.Rel.K.2.2.1",-24.9504947021018,"Med Investment","MEY"
"691",18,"Lost.or.Gained.Yield.Rel.K.2.2.1",-24.2807115916098,"Med Investment","MEY"
"701",19,"Lost.or.Gained.Yield.Rel.K.2.2.1",-24.0712679416787,"Med Investment","MEY"
"711",20,"Lost.or.Gained.Yield.Rel.K.2.2.1",-26.1111753492691,"Med Investment","MEY"
"721",21,"Lost.or.Gained.Yield.Rel.K.2.2.1",-24.4867735007232,"Med Investment","MEY"
"731",22,"Lost.or.Gained.Yield.Rel.K.2.2.1",-23.7606649566847,"Med Investment","MEY"
"741",23,"Lost.or.Gained.Yield.Rel.K.2.2.1",-24.3218309293144,"Med Investment","MEY"
"751",24,"Lost.or.Gained.Yield.Rel.K.2.2.1",-25.3590021974364,"Med Investment","MEY"
"761",25,"Lost.or.Gained.Yield.Rel.K.2.2.1",-25.6273289610171,"Med Investment","MEY"
"771",26,"Lost.or.Gained.Yield.Rel.K.2.2.1",-24.8111796122159,"Med Investment","MEY"
"781",27,"Lost.or.Gained.Yield.Rel.K.2.2.1",-24.9734491756797,"Med Investment","MEY"
"791",28,"Lost.or.Gained.Yield.Rel.K.2.2.1",-23.8668976297876,"Med Investment","MEY"
"801",29,"Lost.or.Gained.Yield.Rel.K.2.2.1",-26.476956394481,"Med Investment","MEY"
"811",30,"Lost.or.Gained.Yield.Rel.K.2.2.1",-24.7762957399082,"Med Investment","MEY"
"821",31,"Lost.or.Gained.Yield.Rel.K.2.2.1",-23.2777202537552,"Med Investment","MEY"
"831",32,"Lost.or.Gained.Yield.Rel.K.2.2.1",-27.8246929078775,"Med Investment","MEY"
"841",33,"Lost.or.Gained.Yield.Rel.K.2.2.1",-23.8157243780843,"Med Investment","MEY"
"851",34,"Lost.or.Gained.Yield.Rel.K.2.2.1",-25.2624906391677,"Med Investment","MEY"
"861",35,"Lost.or.Gained.Yield.Rel.K.2.2.1",-26.3880748498644,"Med Investment","MEY"
"871",36,"Lost.or.Gained.Yield.Rel.K.2.2.1",-24.2731720529885,"Med Investment","MEY"
"881",37,"Lost.or.Gained.Yield.Rel.K.2.2.1",-23.9338020406453,"Med Investment","MEY"
"891",38,"Lost.or.Gained.Yield.Rel.K.2.2.1",-24.8937938106648,"Med Investment","MEY"
"901",39,"Lost.or.Gained.Yield.Rel.K.2.2.1",-26.9743829412021,"Med Investment","MEY"
"911",40,"Lost.or.Gained.Yield.Rel.K.2.2.1",-24.6037467287206,"Med Investment","MEY"
"921",41,"Lost.or.Gained.Yield.Rel.K.2.2.1",-25.5758908248422,"Med Investment","MEY"
"931",42,"Lost.or.Gained.Yield.Rel.K.2.2.1",-23.0652080168554,"Med Investment","MEY"
"941",43,"Lost.or.Gained.Yield.Rel.K.2.2.1",-26.5532415604017,"Med Investment","MEY"
"951",44,"Lost.or.Gained.Yield.Rel.K.2.2.1",-23.2585751102065,"Med Investment","MEY"
"961",45,"Lost.or.Gained.Yield.Rel.K.2.2.1",-24.6193167639165,"Med Investment","MEY"
"971",46,"Lost.or.Gained.Yield.Rel.K.2.2.1",-23.7516314631468,"Med Investment","MEY"
"981",47,"Lost.or.Gained.Yield.Rel.K.2.2.1",-25.8192145435765,"Med Investment","MEY"
"991",48,"Lost.or.Gained.Yield.Rel.K.2.2.1",-26.6102411168683,"Med Investment","MEY"
"1001",49,"Lost.or.Gained.Yield.Rel.K.2.2.1",-23.3368053473296,"Med Investment","MEY"
"1011",50,"Lost.or.Gained.Yield.Rel.K.2.2.1",-25.7158905710649,"Med Investment","MEY"
"1021",51,"Lost.or.Gained.Yield.Rel.K.2.2.1",-24.9399722347682,"Med Investment","MEY"
"1061",4,"Lost.or.Gained.Yield.Rel.K.2.3.1",-24.9344494319476,"High Investment","MEY"
"1071",5,"Lost.or.Gained.Yield.Rel.K.2.3.1",-24.6836271254004,"High Investment","MEY"
"1081",6,"Lost.or.Gained.Yield.Rel.K.2.3.1",-24.3560419763408,"High Investment","MEY"
"1091",7,"Lost.or.Gained.Yield.Rel.K.2.3.1",-24.8050975868746,"High Investment","MEY"
"1101",8,"Lost.or.Gained.Yield.Rel.K.2.3.1",-25.6988400866303,"High Investment","MEY"
"1111",9,"Lost.or.Gained.Yield.Rel.K.2.3.1",-24.5428081966334,"High Investment","MEY"
"1121",10,"Lost.or.Gained.Yield.Rel.K.2.3.1",-24.6843788745067,"High Investment","MEY"
"1131",11,"Lost.or.Gained.Yield.Rel.K.2.3.1",-24.8566942094431,"High Investment","MEY"
"1141",12,"Lost.or.Gained.Yield.Rel.K.2.3.1",-25.3664751130711,"High Investment","MEY"
"1151",13,"Lost.or.Gained.Yield.Rel.K.2.3.1",-24.7218136768051,"High Investment","MEY"
"1161",14,"Lost.or.Gained.Yield.Rel.K.2.3.1",-24.8953736129976,"High Investment","MEY"
"1171",15,"Lost.or.Gained.Yield.Rel.K.2.3.1",-24.9972518219909,"High Investment","MEY"
"1181",16,"Lost.or.Gained.Yield.Rel.K.2.3.1",-26.439411084737,"High Investment","MEY"
"1191",17,"Lost.or.Gained.Yield.Rel.K.2.3.1",-24.3295014625614,"High Investment","MEY"
"1201",18,"Lost.or.Gained.Yield.Rel.K.2.3.1",-25.1556977605569,"High Investment","MEY"
"1211",19,"Lost.or.Gained.Yield.Rel.K.2.3.1",-25.4596113837264,"High Investment","MEY"
"1221",20,"Lost.or.Gained.Yield.Rel.K.2.3.1",-24.6504360884887,"High Investment","MEY"
"1231",21,"Lost.or.Gained.Yield.Rel.K.2.3.1",-26.0086108586546,"High Investment","MEY"
"1241",22,"Lost.or.Gained.Yield.Rel.K.2.3.1",-24.1055562726142,"High Investment","MEY"
"1251",23,"Lost.or.Gained.Yield.Rel.K.2.3.1",-25.022730698041,"High Investment","MEY"
"1261",24,"Lost.or.Gained.Yield.Rel.K.2.3.1",-25.1336932899916,"High Investment","MEY"
"1271",25,"Lost.or.Gained.Yield.Rel.K.2.3.1",-24.3656139098726,"High Investment","MEY"
"1281",26,"Lost.or.Gained.Yield.Rel.K.2.3.1",-25.7808111890765,"High Investment","MEY"
"1291",27,"Lost.or.Gained.Yield.Rel.K.2.3.1",-25.3588420083627,"High Investment","MEY"
"1301",28,"Lost.or.Gained.Yield.Rel.K.2.3.1",-23.3660360432809,"High Investment","MEY"
"1311",29,"Lost.or.Gained.Yield.Rel.K.2.3.1",-25.5660892428817,"High Investment","MEY"
"1321",30,"Lost.or.Gained.Yield.Rel.K.2.3.1",-25.4859816322542,"High Investment","MEY"
"1331",31,"Lost.or.Gained.Yield.Rel.K.2.3.1",-24.8789137053848,"High Investment","MEY"
"1341",32,"Lost.or.Gained.Yield.Rel.K.2.3.1",-25.1096496450157,"High Investment","MEY"
"1351",33,"Lost.or.Gained.Yield.Rel.K.2.3.1",-24.5203893207684,"High Investment","MEY"
"1361",34,"Lost.or.Gained.Yield.Rel.K.2.3.1",-26.0857621221699,"High Investment","MEY"
"1371",35,"Lost.or.Gained.Yield.Rel.K.2.3.1",-24.021497110979,"High Investment","MEY"
"1381",36,"Lost.or.Gained.Yield.Rel.K.2.3.1",-24.1163804979525,"High Investment","MEY"
"1391",37,"Lost.or.Gained.Yield.Rel.K.2.3.1",-25.7976795795504,"High Investment","MEY"
"1401",38,"Lost.or.Gained.Yield.Rel.K.2.3.1",-24.7201502919974,"High Investment","MEY"
"1411",39,"Lost.or.Gained.Yield.Rel.K.2.3.1",-25.2250071457441,"High Investment","MEY"
"1421",40,"Lost.or.Gained.Yield.Rel.K.2.3.1",-24.7941037897131,"High Investment","MEY"
"1431",41,"Lost.or.Gained.Yield.Rel.K.2.3.1",-25.7497028071214,"High Investment","MEY"
"1441",42,"Lost.or.Gained.Yield.Rel.K.2.3.1",-24.9859884421423,"High Investment","MEY"
"1451",43,"Lost.or.Gained.Yield.Rel.K.2.3.1",-26.6749587740224,"High Investment","MEY"
"1461",44,"Lost.or.Gained.Yield.Rel.K.2.3.1",-24.5938706219151,"High Investment","MEY"
"1471",45,"Lost.or.Gained.Yield.Rel.K.2.3.1",-24.6224299787638,"High Investment","MEY"
"1481",46,"Lost.or.Gained.Yield.Rel.K.2.3.1",-25.0440134004995,"High Investment","MEY"
"1491",47,"Lost.or.Gained.Yield.Rel.K.2.3.1",-24.5479077374558,"High Investment","MEY"
"1501",48,"Lost.or.Gained.Yield.Rel.K.2.3.1",-25.3851312134277,"High Investment","MEY"
"1511",49,"Lost.or.Gained.Yield.Rel.K.2.3.1",-25.82039840977,"High Investment","MEY"
"1521",50,"Lost.or.Gained.Yield.Rel.K.2.3.1",-25.1412415487066,"High Investment","MEY"
"1531",51,"Lost.or.Gained.Yield.Rel.K.2.3.1",-26.1569023771429,"High Investment","MEY"
"412",4,"Lost.or.Gained.Yield.Rel.K.2.1.1",5.90008300431597,"Low Investment","MSY"
"53",5,"Lost.or.Gained.Yield.Rel.K.2.1.1",2.74657387976298,"Low Investment","MSY"
"612",6,"Lost.or.Gained.Yield.Rel.K.2.1.1",-3.9373964570691,"Low Investment","MSY"
"712",7,"Lost.or.Gained.Yield.Rel.K.2.1.1",-0.400320859186991,"Low Investment","MSY"
"812",8,"Lost.or.Gained.Yield.Rel.K.2.1.1",1.20713875185837,"Low Investment","MSY"
"912",9,"Lost.or.Gained.Yield.Rel.K.2.1.1",-1.62014127214887,"Low Investment","MSY"
"104",10,"Lost.or.Gained.Yield.Rel.K.2.1.1",1.18121150239905,"Low Investment","MSY"
"1112",11,"Lost.or.Gained.Yield.Rel.K.2.1.1",-4.78241845912909,"Low Investment","MSY"
"1212",12,"Lost.or.Gained.Yield.Rel.K.2.1.1",1.48958604178753,"Low Investment","MSY"
"1312",13,"Lost.or.Gained.Yield.Rel.K.2.1.1",-1.20271529623774,"Low Investment","MSY"
"1412",14,"Lost.or.Gained.Yield.Rel.K.2.1.1",1.48850740211557,"Low Investment","MSY"
"155",15,"Lost.or.Gained.Yield.Rel.K.2.1.1",-0.459860186618499,"Low Investment","MSY"
"162",16,"Lost.or.Gained.Yield.Rel.K.2.1.1",0.0173492060558544,"Low Investment","MSY"
"172",17,"Lost.or.Gained.Yield.Rel.K.2.1.1",-0.651530482757707,"Low Investment","MSY"
"182",18,"Lost.or.Gained.Yield.Rel.K.2.1.1",4.48522882093339,"Low Investment","MSY"
"192",19,"Lost.or.Gained.Yield.Rel.K.2.1.1",-4.54222801833482,"Low Investment","MSY"
"202",20,"Lost.or.Gained.Yield.Rel.K.2.1.1",-2.92409467051233,"Low Investment","MSY"
"212",21,"Lost.or.Gained.Yield.Rel.K.2.1.1",1.49222640348324,"Low Investment","MSY"
"222",22,"Lost.or.Gained.Yield.Rel.K.2.1.1",1.72002538349048,"Low Investment","MSY"
"232",23,"Lost.or.Gained.Yield.Rel.K.2.1.1",0.596862394598986,"Low Investment","MSY"
"242",24,"Lost.or.Gained.Yield.Rel.K.2.1.1",-0.569551582845207,"Low Investment","MSY"
"252",25,"Lost.or.Gained.Yield.Rel.K.2.1.1",-4.58564263597877,"Low Investment","MSY"
"262",26,"Lost.or.Gained.Yield.Rel.K.2.1.1",6.49243693463311,"Low Investment","MSY"
"272",27,"Lost.or.Gained.Yield.Rel.K.2.1.1",-4.11183702549161,"Low Investment","MSY"
"282",28,"Lost.or.Gained.Yield.Rel.K.2.1.1",-0.678812574721675,"Low Investment","MSY"
"292",29,"Lost.or.Gained.Yield.Rel.K.2.1.1",-2.5073750323931,"Low Investment","MSY"
"302",30,"Lost.or.Gained.Yield.Rel.K.2.1.1",1.77260113241332,"Low Investment","MSY"
"312",31,"Lost.or.Gained.Yield.Rel.K.2.1.1",-1.58818886616423,"Low Investment","MSY"
"322",32,"Lost.or.Gained.Yield.Rel.K.2.1.1",0.970643804609409,"Low Investment","MSY"
"332",33,"Lost.or.Gained.Yield.Rel.K.2.1.1",-1.42406689501509,"Low Investment","MSY"
"342",34,"Lost.or.Gained.Yield.Rel.K.2.1.1",-0.155526341727168,"Low Investment","MSY"
"352",35,"Lost.or.Gained.Yield.Rel.K.2.1.1",1.60991724345533,"Low Investment","MSY"
"362",36,"Lost.or.Gained.Yield.Rel.K.2.1.1",-1.55105433366508,"Low Investment","MSY"
"372",37,"Lost.or.Gained.Yield.Rel.K.2.1.1",-4.74665789822498,"Low Investment","MSY"
"382",38,"Lost.or.Gained.Yield.Rel.K.2.1.1",1.63996776487432,"Low Investment","MSY"
"392",39,"Lost.or.Gained.Yield.Rel.K.2.1.1",-1.58842688094484,"Low Investment","MSY"
"402",40,"Lost.or.Gained.Yield.Rel.K.2.1.1",0.489067249626203,"Low Investment","MSY"
"413",41,"Lost.or.Gained.Yield.Rel.K.2.1.1",2.39946356787338,"Low Investment","MSY"
"422",42,"Lost.or.Gained.Yield.Rel.K.2.1.1",-1.66917112096985,"Low Investment","MSY"
"432",43,"Lost.or.Gained.Yield.Rel.K.2.1.1",0.510182853479364,"Low Investment","MSY"
"442",44,"Lost.or.Gained.Yield.Rel.K.2.1.1",0.305100531086509,"Low Investment","MSY"
"452",45,"Lost.or.Gained.Yield.Rel.K.2.1.1",2.17742581901507,"Low Investment","MSY"
"462",46,"Lost.or.Gained.Yield.Rel.K.2.1.1",-3.67793794645662,"Low Investment","MSY"
"472",47,"Lost.or.Gained.Yield.Rel.K.2.1.1",1.16268678373022,"Low Investment","MSY"
"482",48,"Lost.or.Gained.Yield.Rel.K.2.1.1",2.72791978743328,"Low Investment","MSY"
"492",49,"Lost.or.Gained.Yield.Rel.K.2.1.1",-1.46295202196927,"Low Investment","MSY"
"502",50,"Lost.or.Gained.Yield.Rel.K.2.1.1",3.70619813386932,"Low Investment","MSY"
"512",51,"Lost.or.Gained.Yield.Rel.K.2.1.1",0.821027162084505,"Low Investment","MSY"
"552",4,"Lost.or.Gained.Yield.Rel.K.2.2.1",2.62215674523001,"Med Investment","MSY"
"562",5,"Lost.or.Gained.Yield.Rel.K.2.2.1",-0.850946983669004,"Med Investment","MSY"
"572",6,"Lost.or.Gained.Yield.Rel.K.2.2.1",2.3104457418747,"Med Investment","MSY"
"582",7,"Lost.or.Gained.Yield.Rel.K.2.2.1",0.154158551735676,"Med Investment","MSY"
"592",8,"Lost.or.Gained.Yield.Rel.K.2.2.1",-1.71988328128097,"Med Investment","MSY"
"602",9,"Lost.or.Gained.Yield.Rel.K.2.2.1",1.70910995390037,"Med Investment","MSY"
"613",10,"Lost.or.Gained.Yield.Rel.K.2.2.1",-0.161027340145608,"Med Investment","MSY"
"622",11,"Lost.or.Gained.Yield.Rel.K.2.2.1",2.04108379049427,"Med Investment","MSY"
"632",12,"Lost.or.Gained.Yield.Rel.K.2.2.1",-0.659203022508535,"Med Investment","MSY"
"642",13,"Lost.or.Gained.Yield.Rel.K.2.2.1",-0.927685061658607,"Med Investment","MSY"
"652",14,"Lost.or.Gained.Yield.Rel.K.2.2.1",1.43207657160137,"Med Investment","MSY"
"662",15,"Lost.or.Gained.Yield.Rel.K.2.2.1",-0.137846189226352,"Med Investment","MSY"
"672",16,"Lost.or.Gained.Yield.Rel.K.2.2.1",-0.367642194331822,"Med Investment","MSY"
"682",17,"Lost.or.Gained.Yield.Rel.K.2.2.1",-0.657843685863398,"Med Investment","MSY"
"692",18,"Lost.or.Gained.Yield.Rel.K.2.2.1",-0.360070529336639,"Med Investment","MSY"
"702",19,"Lost.or.Gained.Yield.Rel.K.2.2.1",-0.693616121058,"Med Investment","MSY"
"713",20,"Lost.or.Gained.Yield.Rel.K.2.2.1",2.15249607720422,"Med Investment","MSY"
"722",21,"Lost.or.Gained.Yield.Rel.K.2.2.1",0.481860405045893,"Med Investment","MSY"
"732",22,"Lost.or.Gained.Yield.Rel.K.2.2.1",-0.284830950635495,"Med Investment","MSY"
"742",23,"Lost.or.Gained.Yield.Rel.K.2.2.1",0.220435234128175,"Med Investment","MSY"
"752",24,"Lost.or.Gained.Yield.Rel.K.2.2.1",0.170502607189007,"Med Investment","MSY"
"762",25,"Lost.or.Gained.Yield.Rel.K.2.2.1",0.508391690832681,"Med Investment","MSY"
"772",26,"Lost.or.Gained.Yield.Rel.K.2.2.1",-0.371266297811303,"Med Investment","MSY"
"782",27,"Lost.or.Gained.Yield.Rel.K.2.2.1",-0.299342919266607,"Med Investment","MSY"
"792",28,"Lost.or.Gained.Yield.Rel.K.2.2.1",0.910526120075147,"Med Investment","MSY"
"802",29,"Lost.or.Gained.Yield.Rel.K.2.2.1",-1.16079649187543,"Med Investment","MSY"
"813",30,"Lost.or.Gained.Yield.Rel.K.2.2.1",0.526855019090178,"Med Investment","MSY"
"822",31,"Lost.or.Gained.Yield.Rel.K.2.2.1",1.07266057621179,"Med Investment","MSY"
"832",32,"Lost.or.Gained.Yield.Rel.K.2.2.1",0.225579939593857,"Med Investment","MSY"
"842",33,"Lost.or.Gained.Yield.Rel.K.2.2.1",-0.723230418811625,"Med Investment","MSY"
"852",34,"Lost.or.Gained.Yield.Rel.K.2.2.1",0.523773978950416,"Med Investment","MSY"
"862",35,"Lost.or.Gained.Yield.Rel.K.2.2.1",-0.182788830424713,"Med Investment","MSY"
"872",36,"Lost.or.Gained.Yield.Rel.K.2.2.1",-0.131979808965895,"Med Investment","MSY"
"882",37,"Lost.or.Gained.Yield.Rel.K.2.2.1",0.679530476210488,"Med Investment","MSY"
"892",38,"Lost.or.Gained.Yield.Rel.K.2.2.1",0.0859208173791615,"Med Investment","MSY"
"902",39,"Lost.or.Gained.Yield.Rel.K.2.2.1",-0.487881202006335,"Med Investment","MSY"
"913",40,"Lost.or.Gained.Yield.Rel.K.2.2.1",-0.398678299863093,"Med Investment","MSY"
"922",41,"Lost.or.Gained.Yield.Rel.K.2.2.1",0.331394277596218,"Med Investment","MSY"
"932",42,"Lost.or.Gained.Yield.Rel.K.2.2.1",-1.91035313975425,"Med Investment","MSY"
"942",43,"Lost.or.Gained.Yield.Rel.K.2.2.1",-1.6085974699928,"Med Investment","MSY"
"952",44,"Lost.or.Gained.Yield.Rel.K.2.2.1",1.35322894259097,"Med Investment","MSY"
"962",45,"Lost.or.Gained.Yield.Rel.K.2.2.1",-0.139083900698381,"Med Investment","MSY"
"972",46,"Lost.or.Gained.Yield.Rel.K.2.2.1",1.33417962664787,"Med Investment","MSY"
"982",47,"Lost.or.Gained.Yield.Rel.K.2.2.1",0.176173372750668,"Med Investment","MSY"
"992",48,"Lost.or.Gained.Yield.Rel.K.2.2.1",-0.879721572852489,"Med Investment","MSY"
"1002",49,"Lost.or.Gained.Yield.Rel.K.2.2.1",0.878720464065736,"Med Investment","MSY"
"1012",50,"Lost.or.Gained.Yield.Rel.K.2.2.1",-0.547988320244272,"Med Investment","MSY"
"1022",51,"Lost.or.Gained.Yield.Rel.K.2.2.1",-0.495073651458057,"Med Investment","MSY"
"1062",4,"Lost.or.Gained.Yield.Rel.K.2.3.1",2.66030255795296,"High Investment","MSY"
"1072",5,"Lost.or.Gained.Yield.Rel.K.2.3.1",0.213056289136915,"High Investment","MSY"
"1082",6,"Lost.or.Gained.Yield.Rel.K.2.3.1",0.399667285212658,"High Investment","MSY"
"1092",7,"Lost.or.Gained.Yield.Rel.K.2.3.1",0.381548271136836,"High Investment","MSY"
"1102",8,"Lost.or.Gained.Yield.Rel.K.2.3.1",-0.812563885994095,"High Investment","MSY"
"1113",9,"Lost.or.Gained.Yield.Rel.K.2.3.1",0.508034674557521,"High Investment","MSY"
"1122",10,"Lost.or.Gained.Yield.Rel.K.2.3.1",-0.81388309388943,"High Investment","MSY"
"1132",11,"Lost.or.Gained.Yield.Rel.K.2.3.1",0.987533164351959,"High Investment","MSY"
"1142",12,"Lost.or.Gained.Yield.Rel.K.2.3.1",0.0455201661764733,"High Investment","MSY"
"1152",13,"Lost.or.Gained.Yield.Rel.K.2.3.1",0.690932980155011,"High Investment","MSY"
"1162",14,"Lost.or.Gained.Yield.Rel.K.2.3.1",-0.894816577621128,"High Investment","MSY"
"1172",15,"Lost.or.Gained.Yield.Rel.K.2.3.1",0.390133553211228,"High Investment","MSY"
"1182",16,"Lost.or.Gained.Yield.Rel.K.2.3.1",0.24226517407476,"High Investment","MSY"
"1192",17,"Lost.or.Gained.Yield.Rel.K.2.3.1",1.13273345349306,"High Investment","MSY"
"1202",18,"Lost.or.Gained.Yield.Rel.K.2.3.1",-0.285054768629109,"High Investment","MSY"
"1213",19,"Lost.or.Gained.Yield.Rel.K.2.3.1",0.111852059805955,"High Investment","MSY"
"1222",20,"Lost.or.Gained.Yield.Rel.K.2.3.1",-0.148194969499158,"High Investment","MSY"
"1232",21,"Lost.or.Gained.Yield.Rel.K.2.3.1",-0.0821101747085891,"High Investment","MSY"
"1242",22,"Lost.or.Gained.Yield.Rel.K.2.3.1",0.572203275317136,"High Investment","MSY"
"1252",23,"Lost.or.Gained.Yield.Rel.K.2.3.1",-0.204262506774683,"High Investment","MSY"
"1262",24,"Lost.or.Gained.Yield.Rel.K.2.3.1",-0.877005405484041,"High Investment","MSY"
"1272",25,"Lost.or.Gained.Yield.Rel.K.2.3.1",1.18189985988127,"High Investment","MSY"
"1282",26,"Lost.or.Gained.Yield.Rel.K.2.3.1",0.216626215618689,"High Investment","MSY"
"1292",27,"Lost.or.Gained.Yield.Rel.K.2.3.1",-0.0616398421859827,"High Investment","MSY"
"1302",28,"Lost.or.Gained.Yield.Rel.K.2.3.1",-0.0528889129406309,"High Investment","MSY"
"1313",29,"Lost.or.Gained.Yield.Rel.K.2.3.1",-0.264577329712992,"High Investment","MSY"
"1322",30,"Lost.or.Gained.Yield.Rel.K.2.3.1",-0.245998939193598,"High Investment","MSY"
"1332",31,"Lost.or.Gained.Yield.Rel.K.2.3.1",0.0146284224171893,"High Investment","MSY"
"1342",32,"Lost.or.Gained.Yield.Rel.K.2.3.1",0.641192331717221,"High Investment","MSY"
"1352",33,"Lost.or.Gained.Yield.Rel.K.2.3.1",-0.400783443016721,"High Investment","MSY"
"1362",34,"Lost.or.Gained.Yield.Rel.K.2.3.1",0.765660362090088,"High Investment","MSY"
"1372",35,"Lost.or.Gained.Yield.Rel.K.2.3.1",-0.207825766791075,"High Investment","MSY"
"1382",36,"Lost.or.Gained.Yield.Rel.K.2.3.1",-0.568024595104077,"High Investment","MSY"
"1392",37,"Lost.or.Gained.Yield.Rel.K.2.3.1",0.961812735371055,"High Investment","MSY"
"1402",38,"Lost.or.Gained.Yield.Rel.K.2.3.1",-0.809313841739908,"High Investment","MSY"
"1413",39,"Lost.or.Gained.Yield.Rel.K.2.3.1",0.173981736158225,"High Investment","MSY"
"1422",40,"Lost.or.Gained.Yield.Rel.K.2.3.1",-0.256618937333457,"High Investment","MSY"
"1432",41,"Lost.or.Gained.Yield.Rel.K.2.3.1",0.64144090385102,"High Investment","MSY"
"1442",42,"Lost.or.Gained.Yield.Rel.K.2.3.1",0.397390843931646,"High Investment","MSY"
"1452",43,"Lost.or.Gained.Yield.Rel.K.2.3.1",-1.85953578101923,"High Investment","MSY"
"1462",44,"Lost.or.Gained.Yield.Rel.K.2.3.1",1.37285742365887,"High Investment","MSY"
"1472",45,"Lost.or.Gained.Yield.Rel.K.2.3.1",0.155757676069271,"High Investment","MSY"
"1482",46,"Lost.or.Gained.Yield.Rel.K.2.3.1",1.15107343830179,"High Investment","MSY"
"1492",47,"Lost.or.Gained.Yield.Rel.K.2.3.1",-0.0399657480580231,"High Investment","MSY"
"1502",48,"Lost.or.Gained.Yield.Rel.K.2.3.1",0.355863438706081,"High Investment","MSY"
"1512",49,"Lost.or.Gained.Yield.Rel.K.2.3.1",-0.629718255575284,"High Investment","MSY"
"1522",50,"Lost.or.Gained.Yield.Rel.K.2.3.1",-1.19052165001736,"High Investment","MSY"
"1532",51,"Lost.or.Gained.Yield.Rel.K.2.3.1",0.509654716233285,"High Investment","MSY"
"414",4,"Lost.or.Gained.Yield.Rel.K.2.1.1",6.0616229509268,"Low Investment","Buffer"
"54",5,"Lost.or.Gained.Yield.Rel.K.2.1.1",5.66284813573316,"Low Investment","Buffer"
"614",6,"Lost.or.Gained.Yield.Rel.K.2.1.1",6.11938798121842,"Low Investment","Buffer"
"714",7,"Lost.or.Gained.Yield.Rel.K.2.1.1",7.5378829963824,"Low Investment","Buffer"
"814",8,"Lost.or.Gained.Yield.Rel.K.2.1.1",7.19168247799836,"Low Investment","Buffer"
"914",9,"Lost.or.Gained.Yield.Rel.K.2.1.1",5.79357191625243,"Low Investment","Buffer"
"105",10,"Lost.or.Gained.Yield.Rel.K.2.1.1",5.80496098185733,"Low Investment","Buffer"
"1114",11,"Lost.or.Gained.Yield.Rel.K.2.1.1",7.95366783485293,"Low Investment","Buffer"
"1214",12,"Lost.or.Gained.Yield.Rel.K.2.1.1",6.07782522336341,"Low Investment","Buffer"
"1314",13,"Lost.or.Gained.Yield.Rel.K.2.1.1",6.99867008097847,"Low Investment","Buffer"
"1414",14,"Lost.or.Gained.Yield.Rel.K.2.1.1",5.09939809891056,"Low Investment","Buffer"
"156",15,"Lost.or.Gained.Yield.Rel.K.2.1.1",7.43416407275327,"Low Investment","Buffer"
"163",16,"Lost.or.Gained.Yield.Rel.K.2.1.1",7.72487903136091,"Low Investment","Buffer"
"173",17,"Lost.or.Gained.Yield.Rel.K.2.1.1",5.96289314395362,"Low Investment","Buffer"
"183",18,"Lost.or.Gained.Yield.Rel.K.2.1.1",6.480614855536,"Low Investment","Buffer"
"193",19,"Lost.or.Gained.Yield.Rel.K.2.1.1",7.31363488228259,"Low Investment","Buffer"
"203",20,"Lost.or.Gained.Yield.Rel.K.2.1.1",5.63913143745602,"Low Investment","Buffer"
"213",21,"Lost.or.Gained.Yield.Rel.K.2.1.1",7.43047021102531,"Low Investment","Buffer"
"223",22,"Lost.or.Gained.Yield.Rel.K.2.1.1",5.72169111928703,"Low Investment","Buffer"
"233",23,"Lost.or.Gained.Yield.Rel.K.2.1.1",7.82886807463042,"Low Investment","Buffer"
"243",24,"Lost.or.Gained.Yield.Rel.K.2.1.1",5.34507404876141,"Low Investment","Buffer"
"253",25,"Lost.or.Gained.Yield.Rel.K.2.1.1",4.86169608836609,"Low Investment","Buffer"
"263",26,"Lost.or.Gained.Yield.Rel.K.2.1.1",5.9019992737469,"Low Investment","Buffer"
"273",27,"Lost.or.Gained.Yield.Rel.K.2.1.1",6.38269570745398,"Low Investment","Buffer"
"283",28,"Lost.or.Gained.Yield.Rel.K.2.1.1",7.57960843993818,"Low Investment","Buffer"
"293",29,"Lost.or.Gained.Yield.Rel.K.2.1.1",5.2656775064152,"Low Investment","Buffer"
"303",30,"Lost.or.Gained.Yield.Rel.K.2.1.1",7.9934914857618,"Low Investment","Buffer"
"313",31,"Lost.or.Gained.Yield.Rel.K.2.1.1",5.57819954834996,"Low Investment","Buffer"
"323",32,"Lost.or.Gained.Yield.Rel.K.2.1.1",5.50646040490694,"Low Investment","Buffer"
"333",33,"Lost.or.Gained.Yield.Rel.K.2.1.1",7.94010649387448,"Low Investment","Buffer"
"343",34,"Lost.or.Gained.Yield.Rel.K.2.1.1",9.25902814999818,"Low Investment","Buffer"
"353",35,"Lost.or.Gained.Yield.Rel.K.2.1.1",7.51318797751833,"Low Investment","Buffer"
"363",36,"Lost.or.Gained.Yield.Rel.K.2.1.1",7.20125378246903,"Low Investment","Buffer"
"373",37,"Lost.or.Gained.Yield.Rel.K.2.1.1",5.18877765302063,"Low Investment","Buffer"
"383",38,"Lost.or.Gained.Yield.Rel.K.2.1.1",5.18108943046986,"Low Investment","Buffer"
"393",39,"Lost.or.Gained.Yield.Rel.K.2.1.1",5.60893025093139,"Low Investment","Buffer"
"403",40,"Lost.or.Gained.Yield.Rel.K.2.1.1",5.38071966296933,"Low Investment","Buffer"
"415",41,"Lost.or.Gained.Yield.Rel.K.2.1.1",5.28350973307318,"Low Investment","Buffer"
"423",42,"Lost.or.Gained.Yield.Rel.K.2.1.1",7.26974684852155,"Low Investment","Buffer"
"433",43,"Lost.or.Gained.Yield.Rel.K.2.1.1",6.79063049661692,"Low Investment","Buffer"
"443",44,"Lost.or.Gained.Yield.Rel.K.2.1.1",6.53781854095744,"Low Investment","Buffer"
"453",45,"Lost.or.Gained.Yield.Rel.K.2.1.1",7.28639799036539,"Low Investment","Buffer"
"463",46,"Lost.or.Gained.Yield.Rel.K.2.1.1",5.57589709463111,"Low Investment","Buffer"
"473",47,"Lost.or.Gained.Yield.Rel.K.2.1.1",6.05734111450159,"Low Investment","Buffer"
"483",48,"Lost.or.Gained.Yield.Rel.K.2.1.1",5.56616636731112,"Low Investment","Buffer"
"493",49,"Lost.or.Gained.Yield.Rel.K.2.1.1",6.38445559676511,"Low Investment","Buffer"
"503",50,"Lost.or.Gained.Yield.Rel.K.2.1.1",3.49046957466321,"Low Investment","Buffer"
"513",51,"Lost.or.Gained.Yield.Rel.K.2.1.1",3.30838376637947,"Low Investment","Buffer"
"553",4,"Lost.or.Gained.Yield.Rel.K.2.2.1",5.81609103282307,"Med Investment","Buffer"
"563",5,"Lost.or.Gained.Yield.Rel.K.2.2.1",6.77691204064604,"Med Investment","Buffer"
"573",6,"Lost.or.Gained.Yield.Rel.K.2.2.1",6.50688647795361,"Med Investment","Buffer"
"583",7,"Lost.or.Gained.Yield.Rel.K.2.2.1",6.62761837804057,"Med Investment","Buffer"
"593",8,"Lost.or.Gained.Yield.Rel.K.2.2.1",7.3403776965892,"Med Investment","Buffer"
"603",9,"Lost.or.Gained.Yield.Rel.K.2.2.1",6.98331115531538,"Med Investment","Buffer"
"615",10,"Lost.or.Gained.Yield.Rel.K.2.2.1",6.26164489235404,"Med Investment","Buffer"
"623",11,"Lost.or.Gained.Yield.Rel.K.2.2.1",6.36117926657264,"Med Investment","Buffer"
"633",12,"Lost.or.Gained.Yield.Rel.K.2.2.1",5.93653440491277,"Med Investment","Buffer"
"643",13,"Lost.or.Gained.Yield.Rel.K.2.2.1",6.42451488655677,"Med Investment","Buffer"
"653",14,"Lost.or.Gained.Yield.Rel.K.2.2.1",6.35014520652362,"Med Investment","Buffer"
"663",15,"Lost.or.Gained.Yield.Rel.K.2.2.1",4.82492183252915,"Med Investment","Buffer"
"673",16,"Lost.or.Gained.Yield.Rel.K.2.2.1",6.36826697081284,"Med Investment","Buffer"
"683",17,"Lost.or.Gained.Yield.Rel.K.2.2.1",6.20138585641571,"Med Investment","Buffer"
"693",18,"Lost.or.Gained.Yield.Rel.K.2.2.1",6.27560826449075,"Med Investment","Buffer"
"703",19,"Lost.or.Gained.Yield.Rel.K.2.2.1",6.7994016868535,"Med Investment","Buffer"
"715",20,"Lost.or.Gained.Yield.Rel.K.2.2.1",7.33784245590259,"Med Investment","Buffer"
"723",21,"Lost.or.Gained.Yield.Rel.K.2.2.1",6.83748589434385,"Med Investment","Buffer"
"733",22,"Lost.or.Gained.Yield.Rel.K.2.2.1",6.07226209047328,"Med Investment","Buffer"
"743",23,"Lost.or.Gained.Yield.Rel.K.2.2.1",6.64841699820785,"Med Investment","Buffer"
"753",24,"Lost.or.Gained.Yield.Rel.K.2.2.1",6.3420024188534,"Med Investment","Buffer"
"763",25,"Lost.or.Gained.Yield.Rel.K.2.2.1",5.78319354460676,"Med Investment","Buffer"
"773",26,"Lost.or.Gained.Yield.Rel.K.2.2.1",6.43750016871053,"Med Investment","Buffer"
"783",27,"Lost.or.Gained.Yield.Rel.K.2.2.1",6.5118624405916,"Med Investment","Buffer"
"793",28,"Lost.or.Gained.Yield.Rel.K.2.2.1",6.0375909332011,"Med Investment","Buffer"
"803",29,"Lost.or.Gained.Yield.Rel.K.2.2.1",5.3299728561623,"Med Investment","Buffer"
"815",30,"Lost.or.Gained.Yield.Rel.K.2.2.1",6.35446729279126,"Med Investment","Buffer"
"823",31,"Lost.or.Gained.Yield.Rel.K.2.2.1",6.42641863286509,"Med Investment","Buffer"
"833",32,"Lost.or.Gained.Yield.Rel.K.2.2.1",6.53541123265755,"Med Investment","Buffer"
"843",33,"Lost.or.Gained.Yield.Rel.K.2.2.1",5.73238937533118,"Med Investment","Buffer"
"853",34,"Lost.or.Gained.Yield.Rel.K.2.2.1",7.04271906380691,"Med Investment","Buffer"
"863",35,"Lost.or.Gained.Yield.Rel.K.2.2.1",7.04273795638413,"Med Investment","Buffer"
"873",36,"Lost.or.Gained.Yield.Rel.K.2.2.1",7.5573812068836,"Med Investment","Buffer"
"883",37,"Lost.or.Gained.Yield.Rel.K.2.2.1",6.96388898853577,"Med Investment","Buffer"
"893",38,"Lost.or.Gained.Yield.Rel.K.2.2.1",5.81275068469385,"Med Investment","Buffer"
"903",39,"Lost.or.Gained.Yield.Rel.K.2.2.1",6.23532306061239,"Med Investment","Buffer"
"915",40,"Lost.or.Gained.Yield.Rel.K.2.2.1",6.03228063770332,"Med Investment","Buffer"
"923",41,"Lost.or.Gained.Yield.Rel.K.2.2.1",7.6128659793945,"Med Investment","Buffer"
"933",42,"Lost.or.Gained.Yield.Rel.K.2.2.1",7.84830494385962,"Med Investment","Buffer"
"943",43,"Lost.or.Gained.Yield.Rel.K.2.2.1",6.0887085765653,"Med Investment","Buffer"
"953",44,"Lost.or.Gained.Yield.Rel.K.2.2.1",7.05315072702285,"Med Investment","Buffer"
"963",45,"Lost.or.Gained.Yield.Rel.K.2.2.1",7.62335111231999,"Med Investment","Buffer"
"973",46,"Lost.or.Gained.Yield.Rel.K.2.2.1",5.85087739563495,"Med Investment","Buffer"
"983",47,"Lost.or.Gained.Yield.Rel.K.2.2.1",6.23828283983003,"Med Investment","Buffer"
"993",48,"Lost.or.Gained.Yield.Rel.K.2.2.1",7.10498106800061,"Med Investment","Buffer"
"1003",49,"Lost.or.Gained.Yield.Rel.K.2.2.1",6.90178310821507,"Med Investment","Buffer"
"1013",50,"Lost.or.Gained.Yield.Rel.K.2.2.1",7.27723868450239,"Med Investment","Buffer"
"1023",51,"Lost.or.Gained.Yield.Rel.K.2.2.1",6.33150735516022,"Med Investment","Buffer"
"1063",4,"Lost.or.Gained.Yield.Rel.K.2.3.1",5.61322244482987,"High Investment","Buffer"
"1073",5,"Lost.or.Gained.Yield.Rel.K.2.3.1",6.08894165335179,"High Investment","Buffer"
"1083",6,"Lost.or.Gained.Yield.Rel.K.2.3.1",6.57412559613066,"High Investment","Buffer"
"1093",7,"Lost.or.Gained.Yield.Rel.K.2.3.1",6.22703493825142,"High Investment","Buffer"
"1103",8,"Lost.or.Gained.Yield.Rel.K.2.3.1",6.57665314446868,"High Investment","Buffer"
"1115",9,"Lost.or.Gained.Yield.Rel.K.2.3.1",6.39895274265642,"High Investment","Buffer"
"1123",10,"Lost.or.Gained.Yield.Rel.K.2.3.1",5.85472951229177,"High Investment","Buffer"
"1133",11,"Lost.or.Gained.Yield.Rel.K.2.3.1",6.25680172394329,"High Investment","Buffer"
"1143",12,"Lost.or.Gained.Yield.Rel.K.2.3.1",6.80964365325356,"High Investment","Buffer"
"1153",13,"Lost.or.Gained.Yield.Rel.K.2.3.1",6.78638488944477,"High Investment","Buffer"
"1163",14,"Lost.or.Gained.Yield.Rel.K.2.3.1",6.78159142246863,"High Investment","Buffer"
"1173",15,"Lost.or.Gained.Yield.Rel.K.2.3.1",7.46972222039892,"High Investment","Buffer"
"1183",16,"Lost.or.Gained.Yield.Rel.K.2.3.1",6.60826691079917,"High Investment","Buffer"
"1193",17,"Lost.or.Gained.Yield.Rel.K.2.3.1",5.98527114050404,"High Investment","Buffer"
"1203",18,"Lost.or.Gained.Yield.Rel.K.2.3.1",6.02223373017948,"High Investment","Buffer"
"1215",19,"Lost.or.Gained.Yield.Rel.K.2.3.1",6.89456370076519,"High Investment","Buffer"
"1223",20,"Lost.or.Gained.Yield.Rel.K.2.3.1",6.46646738957295,"High Investment","Buffer"
"1233",21,"Lost.or.Gained.Yield.Rel.K.2.3.1",6.84644338230385,"High Investment","Buffer"
"1243",22,"Lost.or.Gained.Yield.Rel.K.2.3.1",6.36612236731949,"High Investment","Buffer"
"1253",23,"Lost.or.Gained.Yield.Rel.K.2.3.1",6.46951372068308,"High Investment","Buffer"
"1263",24,"Lost.or.Gained.Yield.Rel.K.2.3.1",6.0211971152445,"High Investment","Buffer"
"1273",25,"Lost.or.Gained.Yield.Rel.K.2.3.1",6.17187503086693,"High Investment","Buffer"
"1283",26,"Lost.or.Gained.Yield.Rel.K.2.3.1",6.24849658383684,"High Investment","Buffer"
"1293",27,"Lost.or.Gained.Yield.Rel.K.2.3.1",6.83026701814624,"High Investment","Buffer"
"1303",28,"Lost.or.Gained.Yield.Rel.K.2.3.1",5.71198238659875,"High Investment","Buffer"
"1315",29,"Lost.or.Gained.Yield.Rel.K.2.3.1",6.33035442666955,"High Investment","Buffer"
"1323",30,"Lost.or.Gained.Yield.Rel.K.2.3.1",6.63940690691181,"High Investment","Buffer"
"1333",31,"Lost.or.Gained.Yield.Rel.K.2.3.1",6.61576165712355,"High Investment","Buffer"
"1343",32,"Lost.or.Gained.Yield.Rel.K.2.3.1",6.20367947675525,"High Investment","Buffer"
"1353",33,"Lost.or.Gained.Yield.Rel.K.2.3.1",6.78257247281041,"High Investment","Buffer"
"1363",34,"Lost.or.Gained.Yield.Rel.K.2.3.1",5.77028497419684,"High Investment","Buffer"
"1373",35,"Lost.or.Gained.Yield.Rel.K.2.3.1",6.51367566458166,"High Investment","Buffer"
"1383",36,"Lost.or.Gained.Yield.Rel.K.2.3.1",6.3396383557831,"High Investment","Buffer"
"1393",37,"Lost.or.Gained.Yield.Rel.K.2.3.1",6.02566378356375,"High Investment","Buffer"
"1403",38,"Lost.or.Gained.Yield.Rel.K.2.3.1",7.26543544137836,"High Investment","Buffer"
"1415",39,"Lost.or.Gained.Yield.Rel.K.2.3.1",6.69977969193845,"High Investment","Buffer"
"1423",40,"Lost.or.Gained.Yield.Rel.K.2.3.1",6.4319434458615,"High Investment","Buffer"
"1433",41,"Lost.or.Gained.Yield.Rel.K.2.3.1",6.57743376249185,"High Investment","Buffer"
"1443",42,"Lost.or.Gained.Yield.Rel.K.2.3.1",6.45304952335075,"High Investment","Buffer"
"1453",43,"Lost.or.Gained.Yield.Rel.K.2.3.1",6.96777587554403,"High Investment","Buffer"
"1463",44,"Lost.or.Gained.Yield.Rel.K.2.3.1",6.05878521512114,"High Investment","Buffer"
"1473",45,"Lost.or.Gained.Yield.Rel.K.2.3.1",6.55538575448859,"High Investment","Buffer"
"1483",46,"Lost.or.Gained.Yield.Rel.K.2.3.1",5.70072437066729,"High Investment","Buffer"
"1493",47,"Lost.or.Gained.Yield.Rel.K.2.3.1",6.34729178255903,"High Investment","Buffer"
"1503",48,"Lost.or.Gained.Yield.Rel.K.2.3.1",6.14196647649165,"High Investment","Buffer"
"1513",49,"Lost.or.Gained.Yield.Rel.K.2.3.1",6.20787143023296,"High Investment","Buffer"
"1523",50,"Lost.or.Gained.Yield.Rel.K.2.3.1",6.98429939084293,"High Investment","Buffer"
"1533",51,"Lost.or.Gained.Yield.Rel.K.2.3.1",6.52477908550159,"High Investment","Buffer"
